id,neg,neu,pos,compound,polarity,subjectivity,flair_sentiment,Happy,Angry,Surprise,Sad,Fear
821,0.148,0.767,0.085,-0.9947,0.5715686274509804,0.5666666666666667,0.9999411106109619,0.16,0.03,0.18,0.42,0.21
507,0.133,0.641,0.227,0.9702,0.7088541666666667,0.7083333333333334,0.9986544847488403,0.2,0.11,0.03,0.6,0.06
162,0.088,0.686,0.226,0.9977,0.6407993197278912,0.5240476190476191,0.9997666478157043,0.22,0.04,0.18,0.19,0.36
202,0.082,0.833,0.085,-0.1561,0.5438888888888889,0.39555555555555555,0.8877222537994385,0.08,0.08,0.25,0.29,0.29
204,0.204,0.719,0.077,-0.9867,0.5565934065934066,0.5901098901098901,0.9993302822113037,0.09,0.09,0.16,0.31,0.34
857,0.089,0.793,0.118,0.9677,0.4757885356765954,0.32546143740173616,0.0003215372562408447,0.06,0.15,0.33,0.26,0.21
627,0.05,0.804,0.147,0.9782,0.5797222222222222,0.3322222222222222,0.9718733727931976,0.06,0.23,0.25,0.17,0.29
61,0.092,0.796,0.112,0.7156,0.5222474747474748,0.321010101010101,0.24588927626609802,0.03,0.12,0.22,0.41,0.22
136,0.156,0.759,0.085,-0.9858,0.5191071428571429,0.49071428571428566,0.20681199431419373,0.09,0.21,0.16,0.4,0.14
812,0.006,0.994,0.0,-0.3182,0.5239795918367347,0.24438775510204083,0.0056115686893463135,0.0,0.09,0.22,0.17,0.52
646,0.104,0.757,0.14,0.6908,0.5318888888888889,0.41155555555555556,0.9930824041366577,0.2,0.13,0.33,0.09,0.26
548,0.108,0.696,0.196,0.9976,0.6541666666666667,0.5999999999999998,0.9222061038017273,0.21,0.01,0.21,0.37,0.2
54,0.023,0.795,0.183,0.9964,0.6094671201814059,0.48778344671201823,0.9995898902416229,0.12,0.0,0.16,0.47,0.26
425,0.0,1.0,0.0,0.0,0.5,0.0,0.9901891648769379,0,0,0,0,0
291,0.0,1.0,0.0,0.0,0.5,0.0,0.9178881049156189,0,0,0,0,0
211,0.083,0.677,0.24,0.9983,0.626328903654485,0.8399317091177557,0.005030184984207153,0.29,0.02,0.16,0.33,0.2
260,0.14,0.701,0.16,0.4388,0.4744631185807656,0.5432306255835668,0.8245125412940979,0.03,0.13,0.35,0.35,0.13
279,0.11,0.793,0.098,-0.9033,0.516829241664768,0.45866180603022705,0.00011935830116271973,0.12,0.09,0.33,0.16,0.3
861,0.039,0.873,0.088,0.9657,0.5348958333333333,0.5225694444444443,0.9996616840362549,0.14,0.19,0.25,0.14,0.28
220,0.03,0.841,0.129,0.9876,0.5188973063973064,0.6002104377104377,0.04341167211532593,0.17,0.0,0.38,0.1,0.35
23,0.057,0.845,0.098,0.9241,0.5414682539682539,0.6321428571428571,0.9975028932094574,0.11,0.09,0.07,0.33,0.4
106,0.028,0.83,0.142,0.9948,0.5296455938697318,0.4697318007662835,0.08257079124450684,0.07,0.18,0.25,0.29,0.22
470,0.051,0.832,0.116,0.9703,0.6020833333333333,0.598611111111111,0.09024155139923096,0.0,0.48,0.12,0.26,0.14
763,0.038,0.842,0.121,0.9883,0.6414978870336013,0.5351937744794887,0.9990498721599579,0.22,0.11,0.24,0.2,0.24
853,0.08,0.786,0.135,0.9214,0.4643055555555555,0.40555555555555556,0.999156653881073,0.19,0.04,0.27,0.38,0.12
461,0.032,0.915,0.052,0.6705,0.5361111111111111,0.40555555555555556,0.9499450922012329,0.11,0.0,0.16,0.42,0.32
170,0.1,0.811,0.09,0.233,0.5460526315789473,0.45087719298245615,0.7785284519195557,0.09,0.06,0.34,0.26,0.26
731,0.056,0.944,0.0,-0.9607,0.4583333333333333,0.21666666666666667,0.1976109743118286,0.0,0.0,0.0,0.0,1.0
71,0.032,0.902,0.066,0.8625,0.5334415584415584,0.38506493506493505,0.9997210800647736,0.02,0.05,0.59,0.16,0.18
392,0.099,0.84,0.062,-0.9035,0.5485119047619048,0.33504464285714286,0.15680265426635742,0.0,0.12,0.27,0.38,0.23
953,0.05,0.73,0.22,0.999,0.6154775311025311,0.5422190047190047,0.17625746130943298,0.32,0.04,0.24,0.22,0.18
148,0.113,0.817,0.069,-0.8048,0.4976190476190476,0.6833333333333333,0.9637398719787598,0.03,0.26,0.2,0.31,0.2
915,0.0,1.0,0.0,0.0,0.5,0.0,0.1659027338027954,0.0,0.0,0.0,0.0,1.0
506,0.115,0.722,0.163,0.8425,0.6333234714003945,0.47250493096646934,0.0021407902240753174,0.13,0.03,0.29,0.29,0.26
851,0.046,0.942,0.011,-0.9337,0.46,0.72,0.1284952461719513,0.02,0.0,0.75,0.16,0.07
591,0.121,0.707,0.172,0.9197,0.4623768472906404,0.450232621784346,0.0031420886516571045,0.07,0.09,0.33,0.3,0.2
283,0.072,0.813,0.115,0.9594,0.5205065359477125,0.5291666666666667,0.01153901219367981,0.07,0.02,0.3,0.36,0.25
407,0.013,0.848,0.139,0.9805,0.4727272727272727,0.29484848484848486,0.035393327474594116,0.21,0.11,0.07,0.21,0.39
485,0.018,0.872,0.109,0.9562,0.43333333333333335,0.4666666666666667,0.988927036523819,0.0,0.11,0.06,0.56,0.28
957,0.046,0.902,0.051,-0.2023,0.44793169793169796,0.5165464165464168,0.08794957399368286,0.02,0.12,0.44,0.28,0.14
247,0.13,0.711,0.159,0.9263,0.5358869047619048,0.4513678266178267,0.7733561396598816,0.14,0.05,0.16,0.34,0.3
341,0.0,1.0,0.0,0.0,0.5,0.0,0.9966728687286377,0,0,0,0,0
243,0.12,0.709,0.171,0.9658,0.5245157657657658,0.42551801801801803,0.019275933504104614,0.09,0.03,0.17,0.42,0.3
934,0.043,0.823,0.134,0.9901,0.617641975308642,0.3862592592592593,0.9037924110889435,0.15,0.0,0.35,0.21,0.29
166,0.0,0.562,0.438,0.5994,0.5,0.0,0.9990985095500946,1.0,0.0,0.0,0.0,0.0
189,0.067,0.722,0.211,0.9623,0.4749660062160062,0.36255827505827504,0.0066731274127960205,0.0,0.04,0.21,0.39,0.36
418,0.078,0.665,0.257,0.9954,0.7464734299516909,0.7766183574879227,0.9993507862091064,0.19,0.13,0.45,0.06,0.16
366,0.041,0.898,0.061,0.5775,0.5183159722222223,0.4982638888888889,0.9788528680801392,0.02,0.11,0.09,0.42,0.36
869,0.082,0.904,0.015,-0.9128,0.5392636684303351,0.4772927689594357,0.9982525110244751,0.0,0.26,0.11,0.44,0.19
359,0.036,0.88,0.084,0.9631,0.5828896103896104,0.404872534872535,0.08199596405029297,0.06,0.12,0.2,0.27,0.35
650,0.187,0.645,0.168,-0.2084,0.4811749249249249,0.5806681681681684,0.00014665722846984863,0.14,0.06,0.21,0.31,0.28
733,0.2,0.712,0.088,-0.9794,0.6024603174603175,0.5853650793650794,0.8123512268066406,0.04,0.09,0.21,0.3,0.36
354,0.021,0.904,0.075,0.984,0.5485821123321123,0.3562240537240537,0.9271325767040253,0.07,0.23,0.3,0.27,0.12
926,0.055,0.669,0.276,0.9976,0.5999042145593869,0.5772030651340997,0.99943807721138,0.23,0.19,0.16,0.29,0.13
904,0.085,0.818,0.097,0.2732,0.4979166666666667,0.45555555555555555,4.762411117553711e-05,0.31,0.08,0.15,0.19,0.27
471,0.097,0.861,0.042,-0.875,0.5368055555555555,0.37222222222222223,0.8264708817005157,0.12,0.0,0.23,0.58,0.08
831,0.154,0.756,0.09,-0.9793,0.5218504489337823,0.4293630751964084,0.7688321173191071,0.04,0.1,0.06,0.59,0.2
237,0.042,0.885,0.073,0.8686,0.5419751082251082,0.4964069264069264,0.002945840358734131,0.02,0.07,0.21,0.38,0.31
598,0.169,0.772,0.059,-0.981,0.47881944444444446,0.3090277777777778,0.04556882381439209,0.03,0.0,0.28,0.22,0.47
146,0.012,0.94,0.047,0.7088,0.5176587301587302,0.2759920634920635,0.9975833296775818,0.04,0.09,0.07,0.38,0.42
249,0.115,0.67,0.215,0.9923,0.5124913733609385,0.526311249137336,0.8326626718044281,0.15,0.07,0.07,0.35,0.35
329,0.121,0.768,0.111,-0.492,0.5918376068376068,0.5124786324786323,0.0012008249759674072,0.09,0.07,0.48,0.18,0.18
683,0.0,0.843,0.157,0.9849,0.6552248677248678,0.6308201058201058,0.9992746412754059,0.06,0.06,0.24,0.41,0.24
801,0.235,0.738,0.027,-0.9979,0.4797136544011544,0.5596825396825398,0.0009241402149200439,0.1,0.28,0.17,0.28,0.17
19,0.0,1.0,0.0,0.0,0.5,0.0,0.999520868062973,0,0,0,0,0
360,0.277,0.581,0.142,-0.9925,0.34973544973544973,0.8328042328042329,0.0381891131401062,0.02,0.09,0.22,0.49,0.18
128,0.041,0.763,0.196,0.9887,0.5355392156862745,0.8387254901960784,0.9882610440254211,0.24,0.29,0.0,0.26,0.21
813,0.04,0.751,0.21,0.998,0.5586152882205514,0.33126566416040104,0.0025581419467926025,0.15,0.13,0.2,0.29,0.22
740,0.085,0.672,0.243,0.9951,0.5949156746031746,0.553546626984127,0.8282537758350372,0.27,0.04,0.13,0.4,0.15
659,0.0,1.0,0.0,0.0,0.5,0.0,0.9962028563022614,0,0,0,0,0
814,0.007,0.769,0.224,0.9952,0.5037037037037037,0.23919753086419748,0.9995302259922028,0.21,0.17,0.41,0.07,0.14
639,0.048,0.86,0.092,0.9664,0.5435081845238096,0.48407738095238106,0.10657122731208801,0.1,0.08,0.46,0.27,0.1
589,0.166,0.818,0.016,-0.9965,0.5132638888888889,0.28097222222222223,1.6808509826660156e-05,0.02,0.17,0.26,0.17,0.38
234,0.118,0.782,0.101,-0.8872,0.5134996003996004,0.42411318681318677,0.00045794248580932617,0.07,0.12,0.14,0.3,0.38
818,0.073,0.807,0.12,0.9596,0.5700938939836966,0.4595339358497252,0.03204891085624695,0.08,0.08,0.29,0.31,0.24
40,0.132,0.734,0.134,-0.1449,0.5292410714285715,0.430026455026455,0.0005290806293487549,0.17,0.09,0.48,0.09,0.17
834,0.087,0.798,0.115,0.9212,0.5071428571428571,0.3857142857142858,0.11531680822372437,0.1,0.02,0.24,0.2,0.43
722,0.085,0.689,0.226,0.9972,0.6216961978589886,0.5300849021779256,0.2077530324459076,0.24,0.03,0.27,0.25,0.2
531,0.137,0.584,0.279,0.9985,0.5760945319455958,0.6735938411470326,0.988520473241806,0.12,0.04,0.15,0.41,0.28
492,0.068,0.801,0.131,0.9818,0.5598214285714286,0.39821428571428574,0.9619240462779999,0.18,0.16,0.22,0.24,0.18
468,0.089,0.841,0.07,-0.2937,0.49185125060125057,0.4913876863876865,0.9730667471885681,0.08,0.37,0.1,0.14,0.31
28,0.184,0.726,0.09,-0.9735,0.44184027777777773,0.6767361111111109,0.002620607614517212,0.05,0.05,0.38,0.36,0.17
921,0.006,0.637,0.357,0.9995,0.3416666666666667,0.7733333333333333,0.9804240763187408,0.04,0.05,0.41,0.39,0.11
210,0.101,0.684,0.215,0.9953,0.7284336121836121,0.5293135993135993,0.9973832368850708,0.19,0.34,0.15,0.23,0.09
69,0.043,0.842,0.115,0.9808,0.5952266483516483,0.4572802197802198,0.9931698441505432,0.1,0.18,0.37,0.19,0.16
242,0.056,0.879,0.064,0.5916,0.5660839160839161,0.34230769230769226,0.08772280812263489,0.11,0.27,0.18,0.3,0.14
855,0.085,0.774,0.141,0.9498,0.33444444444444443,0.5977777777777779,0.9981850981712341,0.07,0.0,0.27,0.03,0.63
884,0.054,0.643,0.303,0.994,0.6053165584415584,0.4074675324675324,0.959549069404602,0.16,0.0,0.58,0.26,0.0
414,0.105,0.667,0.228,0.9894,0.5932539682539683,0.5896825396825398,0.9987195730209351,0.03,0.07,0.03,0.76,0.1
172,0.1,0.787,0.114,0.0866,0.5247822299651568,0.5220673635307782,0.0016995072364807129,0.06,0.16,0.33,0.25,0.2
772,0.018,0.794,0.188,0.9916,0.6056547619047619,0.5111111111111112,0.9941516518592834,0.21,0.06,0.21,0.21,0.3
59,0.091,0.74,0.168,0.9896,0.5663341416813639,0.3649728101116991,0.04195517301559448,0.19,0.02,0.43,0.15,0.21
451,0.073,0.766,0.161,0.9945,0.6758765938069216,0.5386156648451734,0.9989498257637024,0.5,0.06,0.06,0.29,0.1
253,0.096,0.71,0.195,0.9961,0.6004213184476342,0.5544072301967041,0.007902950048446655,0.24,0.21,0.17,0.15,0.23
732,0.05,0.94,0.01,-0.8555,0.4583333333333333,0.21666666666666667,0.059837907552719116,0.0,0.0,0.0,0.0,1.0
334,0.042,0.776,0.182,0.9947,0.657355816226784,0.6521505376344086,0.9873942136764526,0.34,0.26,0.09,0.17,0.15
929,0.066,0.758,0.176,0.9778,0.5557857142857143,0.753547619047619,0.8943355977535248,0.05,0.0,0.44,0.25,0.25
753,0.149,0.71,0.14,-0.4438,0.6857438016528925,0.5465909090909091,0.9998557865619659,0.11,0.0,0.21,0.34,0.34
25,0.123,0.667,0.21,0.9952,0.6879934210526315,0.7359649122807017,0.9856062531471252,0.25,0.02,0.22,0.35,0.15
32,0.114,0.804,0.081,-0.846,0.43459876543209874,0.45487654320987647,0.9999715089797974,0.11,0.04,0.07,0.33,0.44
382,0.11,0.805,0.085,-0.5875,0.6056240161353798,0.4261658795749705,0.999153733253479,0.05,0.07,0.14,0.31,0.44
886,0.088,0.749,0.163,0.9659,0.602988677988678,0.5848817848817849,0.9117852449417114,0.23,0.1,0.31,0.13,0.23
292,0.076,0.679,0.245,0.9978,0.499375,0.4379166666666666,0.9850560128688812,0.06,0.01,0.53,0.19,0.19
280,0.047,0.739,0.215,0.9963,0.5716919191919192,0.40455106621773274,0.0006768405437469482,0.14,0.08,0.24,0.17,0.37
459,0.029,0.797,0.174,0.9744,0.5652777777777778,0.8438271604938271,0.9999146461486816,0.09,0.0,0.47,0.12,0.31
432,0.089,0.705,0.206,0.9989,0.4806628787878788,0.5875441919191922,0.00041812658309936523,0.09,0.1,0.15,0.36,0.31
42,0.068,0.756,0.177,0.9817,0.3704545454545455,0.6515151515151515,0.9996500015258789,0.04,0.04,0.35,0.37,0.21
968,0.0,1.0,0.0,0.0,0.5,0.0,0.9951587319374084,0,0,0,0,0
217,0.053,0.838,0.108,0.9382,0.47120098039215685,0.3144607843137256,0.06699272990226746,0.08,0.15,0.21,0.51,0.05
267,0.021,0.837,0.143,0.928,0.5541666666666667,0.37222222222222223,2.86102294921875e-06,0.08,0.0,0.46,0.15,0.31
225,0.093,0.844,0.063,-0.7759,0.44507575757575757,0.6,0.9984566569328308,0.11,0.0,0.37,0.37,0.16
780,0.168,0.692,0.141,-0.9737,0.4984772727272727,0.4461818181818182,0.013343781232833862,0.08,0.15,0.38,0.24,0.15
713,0.072,0.841,0.087,0.7973,0.5551136363636363,0.3818181818181818,0.23301109671592712,0.04,0.06,0.48,0.15,0.27
496,0.05,0.79,0.16,0.9931,0.5514741715399609,0.4721247563352821,0.9672195911407471,0.14,0.07,0.36,0.3,0.14
748,0.04,0.912,0.048,0.4199,0.4818452380952381,0.619204260651629,0.2430276870727539,0.04,0.06,0.4,0.27,0.23
448,0.0,1.0,0.0,0.0,0.5,0.0,0.943978875875473,0,0,0,0,0
751,0.174,0.621,0.204,0.9694,0.5461152882205513,0.5150375939849624,0.9970103800296783,0.04,0.22,0.3,0.33,0.11
692,0.047,0.873,0.08,0.981,0.5819642857142857,0.45988095238095245,0.7823865115642548,0.05,0.06,0.4,0.11,0.38
257,0.046,0.831,0.122,0.9599,0.5220168521954236,0.46799474335188623,2.6524066925048828e-05,0.02,0.1,0.23,0.33,0.31
906,0.038,0.83,0.132,0.9957,0.6863113897596657,0.43537095088819233,0.9936239123344421,0.23,0.01,0.52,0.03,0.2
970,0.079,0.793,0.128,0.9878,0.5404761904761904,0.5142857142857143,0.1892128884792328,0.11,0.05,0.23,0.36,0.25
823,0.264,0.659,0.077,-0.995,0.44597222222222227,0.576388888888889,0.12130886316299438,0.07,0.0,0.4,0.27,0.27
983,0.158,0.666,0.176,0.62,0.5500270562770563,0.5096981721981724,0.9735660552978516,0.06,0.0,0.18,0.29,0.47
415,0.0,1.0,0.0,0.0,0.5,0.0,0.99863201379776,0,0,0,0,0
399,0.136,0.749,0.115,-0.9404,0.5135135135135135,0.32545045045045046,0.0985497534275055,0.14,0.17,0.21,0.31,0.17
278,0.056,0.815,0.129,0.9832,0.5280555555555555,0.4872222222222222,0.9093864858150482,0.02,0.09,0.39,0.28,0.22
336,0.101,0.71,0.189,0.9843,0.6018689196108551,0.5822324628776241,0.9996115565299988,0.19,0.0,0.46,0.23,0.12
744,0.08,0.766,0.154,0.9826,0.570031746031746,0.3248412698412699,0.0643414855003357,0.23,0.13,0.17,0.25,0.22
747,0.123,0.728,0.15,0.9196,0.6305555555555555,0.6202380952380954,0.9999398589134216,0.16,0.02,0.61,0.08,0.12
269,0.048,0.784,0.168,0.9772,0.5435639880952381,0.5423363095238096,0.9942250847816467,0.0,0.14,0.49,0.14,0.24
501,0.064,0.724,0.211,0.9973,0.5529816919191919,0.5607222222222222,0.9849865734577179,0.23,0.01,0.3,0.14,0.32
339,0.074,0.683,0.243,0.9955,0.6615824915824916,0.6707744107744105,0.9999000728130341,0.26,0.02,0.21,0.25,0.26
844,0.061,0.805,0.134,0.9705,0.5980519480519481,0.5258297258297259,0.9995621144771576,0.17,0.0,0.19,0.39,0.25
827,0.024,0.576,0.4,0.9985,0.6749999999999999,0.48666666666666664,0.9994417726993561,0.66,0.0,0.06,0.0,0.28
804,0.012,0.789,0.199,0.9967,0.6507457386363636,0.6195312499999999,0.0008334815502166748,0.3,0.09,0.26,0.23,0.13
718,0.041,0.859,0.1,0.9519,0.5053683385579937,0.45676593521421116,0.9248964786529541,0.0,0.09,0.29,0.3,0.32
333,0.01,0.929,0.061,0.9603,0.5392857142857143,0.8321428571428572,0.20255085825920105,0.11,0.09,0.63,0.14,0.03
862,0.076,0.597,0.327,0.9972,0.5540088383838384,0.5038600288600289,0.9876869022846222,0.13,0.04,0.26,0.11,0.46
752,0.179,0.73,0.091,-0.9791,0.5169656911375662,0.4691812169312169,0.0020796358585357666,0.03,0.05,0.26,0.42,0.24
554,0.031,0.841,0.128,0.9694,0.5190509259259259,0.3375925925925926,0.9984172284603119,0.06,0.12,0.18,0.29,0.35
441,0.034,0.879,0.086,0.955,0.48935185185185187,0.6820105820105821,0.813782274723053,0.16,0.03,0.23,0.26,0.32
907,0.101,0.809,0.09,-0.8361,0.5163828130933394,0.4088377266008846,0.13116958737373352,0.05,0.21,0.26,0.23,0.26
918,0.0,1.0,0.0,0.0,0.5,0.0,0.9984365999698639,0,0,0,0,0
536,0.058,0.849,0.093,0.7202,0.5219922438672439,0.3238455988455989,0.9522382020950317,0.04,0.16,0.3,0.26,0.24
809,0.122,0.678,0.2,0.9932,0.5827272727272728,0.6279797979797981,0.9984235465526581,0.16,0.07,0.08,0.58,0.1
649,0.036,0.765,0.198,0.9896,0.62109375,0.5473958333333333,0.7894382178783417,0.16,0.2,0.2,0.29,0.14
599,0.097,0.677,0.226,0.9965,0.6893097643097643,0.47845117845117846,0.9425771534442902,0.11,0.09,0.46,0.2,0.14
771,0.264,0.559,0.177,-0.9859,0.5,0.7066666666666667,0.9992755949497223,0.14,0.0,0.14,0.25,0.46
580,0.112,0.838,0.05,-0.924,0.4267156862745098,0.4509803921568627,0.9936710298061371,0.04,0.07,0.25,0.25,0.38
372,0.024,0.854,0.122,0.9962,0.609591594349771,0.49312975160432787,0.9982318580150604,0.06,0.05,0.24,0.19,0.45
755,0.0,1.0,0.0,0.0,0.5,0.0,0.9949625730514526,0,0,0,0,0
795,0.126,0.794,0.08,-0.9965,0.47378601061636777,0.49875467503018506,0.012509942054748535,0.11,0.09,0.27,0.28,0.24
635,0.153,0.748,0.099,-0.9347,0.6596666666666666,0.8019999999999999,0.9839054346084595,0.47,0.12,0.3,0.03,0.08
185,0.061,0.794,0.145,0.9956,0.6224408222591362,0.5210963455149504,0.9998140335083008,0.04,0.02,0.08,0.73,0.15
332,0.088,0.708,0.204,0.9878,0.5781481481481482,0.5725925925925924,0.7576952576637268,0.17,0.0,0.4,0.3,0.12
932,0.035,0.699,0.266,0.9977,0.5678571428571428,0.7172619047619043,0.939894825220108,0.36,0.01,0.39,0.19,0.05
596,0.0,1.0,0.0,0.0,0.5740909090909091,0.4972727272727272,0.9998652637004852,0.0,0.0,0.65,0.15,0.2
72,0.049,0.866,0.085,0.9249,0.5421791443850268,0.33070409982174687,0.9829646944999695,0.11,0.04,0.44,0.33,0.07
687,0.103,0.822,0.075,-0.9782,0.5438095238095239,0.4233333333333334,0.07168754935264587,0.09,0.13,0.27,0.32,0.2
966,0.054,0.854,0.092,0.9637,0.5396412037037037,0.38009259259259265,0.8902848958969116,0.05,0.06,0.52,0.23,0.14
110,0.0,1.0,0.0,0.0,0.45,0.7,0.12374025583267212,0.0,0.07,0.73,0.13,0.07
938,0.021,0.888,0.092,0.9606,0.5276515151515151,0.43106060606060603,0.999647855758667,0.06,0.39,0.17,0.22,0.17
605,0.069,0.833,0.098,0.955,0.5368834016860333,0.4292027417027418,0.991262286901474,0.06,0.09,0.35,0.4,0.1
679,0.074,0.797,0.13,0.9253,0.5814236111111111,0.6611111111111111,0.9983018040657043,0.16,0.08,0.18,0.53,0.06
147,0.168,0.752,0.079,-0.9517,0.4373148148148148,0.4909259259259261,0.013417065143585205,0.07,0.0,0.48,0.07,0.37
265,0.05,0.727,0.223,0.9938,0.6638888888888889,0.4244444444444444,0.0006298720836639404,0.18,0.0,0.59,0.16,0.06
101,0.062,0.812,0.127,0.9749,0.48097273097273097,0.4726088726088725,0.0008243322372436523,0.05,0.06,0.39,0.29,0.21
275,0.038,0.911,0.051,0.4182,0.5218310657596372,0.5836507936507936,0.8604379892349243,0.07,0.02,0.38,0.44,0.09
352,0.094,0.813,0.093,-0.4956,0.5407549698565324,0.48005427731990236,0.24108463525772095,0.08,0.22,0.32,0.15,0.22
652,0.025,0.94,0.036,0.4306,0.4438910934744268,0.2986728395061725,0.9938303828239441,0.05,0.0,0.37,0.42,0.16
433,0.07,0.777,0.153,0.9937,0.602632286476626,0.5283692722371969,0.9876498878002167,0.09,0.01,0.32,0.31,0.28
375,0.061,0.67,0.269,0.9993,0.65053743521218,0.5068302559118889,0.998498797416687,0.34,0.04,0.06,0.28,0.28
888,0.041,0.693,0.266,0.9979,0.6970689655172413,0.6248275862068966,0.9996517896652222,0.21,0.08,0.23,0.27,0.21
215,0.139,0.754,0.107,-0.9948,0.632449494949495,0.4615555555555555,0.9959466457366943,0.22,0.08,0.33,0.02,0.36
885,0.094,0.788,0.119,0.9193,0.5027636054421769,0.4733843537414965,9.000301361083984e-06,0.15,0.09,0.28,0.13,0.34
937,0.166,0.763,0.071,-0.9874,0.5313225538971807,0.4398424543946927,0.9996720850467682,0.09,0.09,0.14,0.29,0.4
171,0.231,0.681,0.088,-0.978,0.4730034722222222,0.5131944444444445,0.9998169541358948,0.0,0.0,0.15,0.08,0.77
765,0.098,0.719,0.182,0.9887,0.5201388888888889,0.27222222222222225,0.06938546895980835,0.03,0.28,0.42,0.14,0.12
850,0.081,0.879,0.04,-0.9512,0.5720220588235294,0.3645343137254902,0.9930995106697083,0.06,0.06,0.14,0.45,0.3
836,0.017,0.454,0.528,0.9999,0.7992857142857144,0.7798168498168497,0.9981485307216644,0.13,0.04,0.2,0.01,0.62
517,0.132,0.762,0.106,-0.9835,0.5056712962962963,0.42094907407407406,0.057983338832855225,0.11,0.1,0.16,0.4,0.23
776,0.148,0.738,0.114,-0.8336,0.6857744107744108,0.5097643097643098,0.9974904358386993,0.3,0.04,0.25,0.13,0.28
67,0.069,0.733,0.197,0.9918,0.5302083333333333,0.375,0.891551673412323,0.03,0.23,0.3,0.34,0.09
277,0.157,0.74,0.104,-0.9927,0.5769593253968254,0.5306547619047619,0.0044987499713897705,0.1,0.12,0.18,0.38,0.22
144,0.0,1.0,0.0,0.0,0.5,0.0,0.9998659789562225,0,0,0,0,0
140,0.035,0.831,0.133,0.9835,0.46013933982683985,0.4663690476190477,0.9825340211391449,0.11,0.09,0.34,0.3,0.16
985,0.09,0.839,0.071,-0.5859,0.5265111245343803,0.33447397563676634,0.06513753533363342,0.23,0.02,0.12,0.3,0.33
287,0.026,0.823,0.151,0.9965,0.6131042568542568,0.41913780663780675,0.9918099045753479,0.14,0.05,0.21,0.29,0.32
158,0.0,1.0,0.0,0.0,0.5,0.0,0.9920144975185394,0,0,0,0,0
558,0.055,0.841,0.105,0.9855,0.5273369047619048,0.5261238095238094,0.8246656954288483,0.13,0.02,0.35,0.23,0.27
181,0.023,0.899,0.079,0.9924,0.5351206911474768,0.3959706298992014,0.9999465942382812,0.05,0.07,0.63,0.16,0.09
230,0.083,0.788,0.129,0.9557,0.5983559136336914,0.4390425418203196,0.9999380707740784,0.13,0.17,0.37,0.16,0.17
643,0.062,0.938,0.0,-0.9595,0.5,0.0,0.04597631096839905,0.0,0.0,1.0,0.0,0.0
149,0.164,0.7,0.135,-0.0571,0.7041666666666666,0.3916666666666666,0.9911662638187408,0.03,0.47,0.2,0.1,0.2
405,0.068,0.543,0.389,0.9995,0.6743263539181906,0.5625198780811025,0.08717331290245056,0.13,0.03,0.27,0.45,0.12
600,0.169,0.628,0.203,0.3818,0.46629629629629626,0.4518518518518519,0.0012413263320922852,0.19,0.05,0.3,0.41,0.05
38,0.059,0.753,0.188,0.9966,0.6374125874125873,0.4276223776223776,0.07107090950012207,0.08,0.06,0.31,0.21,0.35
233,0.114,0.711,0.175,0.9594,0.5676603699330972,0.5371080939262758,0.9990091919898987,0.18,0.09,0.38,0.23,0.12
889,0.129,0.835,0.037,-0.9739,0.616358024691358,0.4626543209876542,0.004721343517303467,0.07,0.07,0.25,0.27,0.35
631,0.117,0.79,0.093,-0.9807,0.4288425925925926,0.6955010893246188,0.9998637139797211,0.1,0.02,0.3,0.35,0.24
235,0.033,0.725,0.242,0.9989,0.6429761904761905,0.47803244374672954,0.0050452351570129395,0.29,0.01,0.13,0.38,0.19
588,0.01,0.764,0.226,0.9994,0.5502246732026144,0.5055555555555558,0.9797024726867676,0.26,0.15,0.3,0.15,0.14
159,0.161,0.767,0.072,-0.9856,0.5331018518518519,0.5745370370370371,0.9849594235420227,0.07,0.14,0.09,0.45,0.25
572,0.198,0.554,0.248,0.9783,0.7871768707482993,0.7361904761904764,0.04212114214897156,0.15,0.02,0.04,0.72,0.08
678,0.036,0.574,0.39,0.9996,0.7680232558139535,0.5779069767441861,0.9972553253173828,0.46,0.13,0.12,0.24,0.05
44,0.0,0.744,0.256,0.9992,0.6097029320987655,0.39228395061728377,0.9990772306919098,0.27,0.04,0.14,0.36,0.18
516,0.079,0.639,0.282,0.9991,0.5226892857142857,0.5375619047619047,0.99236860871315,0.36,0.06,0.14,0.19,0.24
228,0.132,0.793,0.075,-0.9712,0.5296179514929514,0.4770826395826396,0.04671752452850342,0.09,0.15,0.24,0.21,0.3
500,0.075,0.787,0.138,0.9825,0.5678160919540229,0.6324712643678162,0.0020840466022491455,0.1,0.1,0.14,0.41,0.24
167,0.107,0.674,0.218,0.9929,0.5242013888888889,0.5860555555555557,0.03938716650009155,0.19,0.06,0.43,0.11,0.22
298,0.042,0.912,0.046,0.3612,0.5224720752498531,0.3027630805408584,0.9963617622852325,0.15,0.11,0.19,0.38,0.17
561,0.026,0.922,0.052,0.8462,0.5062454906204906,0.46820436507936497,0.9994929730892181,0.44,0.06,0.19,0.19,0.11
518,0.063,0.8,0.136,0.9924,0.6383064516129032,0.5731182795698925,0.9524554312229156,0.23,0.07,0.1,0.26,0.34
919,0.008,0.849,0.143,0.9908,0.6497222222222222,0.5088888888888888,0.9993932545185089,0.18,0.0,0.45,0.18,0.18
370,0.054,0.75,0.196,0.9983,0.6043407869012708,0.5409937508727831,0.034019291400909424,0.08,0.11,0.36,0.27,0.19
894,0.045,0.878,0.077,0.9593,0.5660320739866195,0.4538961038961039,0.963880330324173,0.07,0.09,0.38,0.29,0.18
750,0.214,0.639,0.148,-0.9889,0.5597696421225833,0.4813451254627727,0.22608086466789246,0.05,0.26,0.33,0.18,0.18
37,0.173,0.787,0.04,-0.9936,0.5122222222222222,0.29888888888888887,0.06362208724021912,0.03,0.04,0.38,0.07,0.48
221,0.024,0.865,0.111,0.9757,0.65,0.76,0.9999096095561981,0.06,0.31,0.52,0.09,0.02
606,0.004,0.715,0.282,0.9995,0.6559701492537313,0.5437810945273635,0.9821586012840271,0.34,0.01,0.09,0.46,0.11
310,0.09,0.789,0.12,0.8755,0.620239898989899,0.5710569985569987,0.00042045116424560547,0.17,0.0,0.52,0.13,0.17
693,0.137,0.808,0.055,-0.9904,0.5518813131313132,0.4033333333333333,0.20840111374855042,0.02,0.11,0.24,0.3,0.33
428,0.061,0.856,0.083,0.9179,0.48935508935508937,0.29071484071484077,0.014730244874954224,0.03,0.04,0.45,0.25,0.22
607,0.034,0.78,0.187,0.9949,0.5983582949308756,0.4459549411162315,0.23581856489181519,0.29,0.02,0.04,0.27,0.38
379,0.0,0.844,0.156,0.9963,0.5861111111111111,0.44444444444444436,0.9991540908813477,0.25,0.0,0.25,0.5,0.0
510,0.088,0.821,0.091,-0.0063,0.5569026733500417,0.28456558061821224,0.8002297282218933,0.22,0.02,0.37,0.17,0.22
719,0.1,0.686,0.214,0.996,0.5200974025974027,0.5383766233766236,0.9980419278144836,0.24,0.04,0.1,0.2,0.42
575,0.0,1.0,0.0,0.0,0.5,0.0,0.9998789727687836,0,0,0,0,0
229,0.098,0.763,0.139,0.9584,0.593512506012506,0.4901394901394902,0.06165808439254761,0.1,0.1,0.27,0.17,0.37
70,0.086,0.755,0.159,0.9812,0.6079861111111111,0.4435185185185185,0.8443476557731628,0.07,0.24,0.42,0.2,0.07
786,0.082,0.778,0.14,0.9149,0.4901315789473684,0.5219298245614035,0.1600256860256195,0.05,0.08,0.15,0.59,0.13
446,0.031,0.817,0.152,0.9924,0.6090013434841021,0.45008210180623953,0.9884429574012756,0.13,0.09,0.23,0.39,0.17
743,0.166,0.574,0.261,0.9947,0.6499249249249249,0.5028528528528529,0.21856817603111267,0.31,0.0,0.08,0.57,0.04
535,0.114,0.764,0.122,0.6939,0.5634931908369408,0.5294642857142858,0.9996615648269653,0.16,0.0,0.13,0.16,0.55
449,0.073,0.83,0.097,0.4891,0.5412453482190325,0.5402565124933545,0.00045496225357055664,0.0,0.1,0.17,0.24,0.49
410,0.022,0.887,0.091,0.9876,0.5228632478632479,0.4424145299145298,0.992557168006897,0.15,0.04,0.11,0.3,0.39
264,0.122,0.738,0.14,0.9522,0.551049285963079,0.49996952281435036,0.978065013885498,0.04,0.06,0.27,0.33,0.29
413,0.123,0.796,0.081,-0.9227,0.576010101010101,0.6131313131313131,0.8981163501739502,0.13,0.26,0.11,0.19,0.32
984,0.054,0.729,0.217,0.9969,0.5648148148148148,0.774074074074074,0.9903483092784882,0.0,0.0,0.26,0.16,0.58
435,0.102,0.763,0.135,0.9694,0.5128538676236045,0.45142543859649137,0.002330482006072998,0.03,0.07,0.28,0.4,0.22
935,0.078,0.745,0.177,0.9916,0.5419400352733686,0.5732627865961198,0.00027814507484436035,0.07,0.07,0.15,0.38,0.32
12,0.144,0.798,0.059,-0.9909,0.47874444634313057,0.579662223741171,8.949637413024902e-05,0.13,0.17,0.17,0.29,0.23
408,0.189,0.503,0.309,0.9876,0.6159937888198758,0.7133540372670809,0.9736382067203522,0.08,0.08,0.22,0.27,0.35
974,0.074,0.764,0.162,0.994,0.5812169312169312,0.4652116402116402,0.8606086373329163,0.15,0.06,0.28,0.19,0.32
465,0.0,0.753,0.247,0.9923,0.4434837092731829,0.2931077694235588,0.9687633216381073,0.1,0.0,0.3,0.1,0.5
666,0.045,0.888,0.067,0.5943,0.6818181818181819,0.3272727272727273,0.0966556966304779,0.35,0.0,0.29,0.12,0.24
526,0.076,0.879,0.045,-0.9696,0.4561162314388121,0.422022529441884,0.0003979504108428955,0.12,0.07,0.24,0.29,0.29
951,0.091,0.813,0.096,0.5308,0.4836111111111111,0.5084444444444446,0.000870436429977417,0.11,0.11,0.36,0.24,0.18
393,0.056,0.799,0.145,0.9849,0.5975378787878788,0.5472222222222223,0.9996916055679321,0.13,0.06,0.17,0.21,0.43
508,0.034,0.818,0.148,0.9876,0.5841198979591837,0.37270408163265295,0.007915318012237549,0.19,0.12,0.12,0.4,0.17
52,0.114,0.801,0.085,-0.9393,0.5063624526515151,0.5071732954545455,0.0001036226749420166,0.04,0.31,0.13,0.34,0.17
355,0.08,0.87,0.05,-0.8629,0.4204297693920335,0.3673165618448637,0.000643610954284668,0.05,0.39,0.25,0.11,0.21
209,0.085,0.764,0.151,0.9692,0.5626984126984127,0.38774250440917113,0.07167553901672363,0.19,0.16,0.19,0.24,0.21
505,0.112,0.797,0.091,-0.9108,0.4560846560846561,0.38624338624338617,0.9462779462337494,0.03,0.01,0.06,0.65,0.25
689,0.064,0.769,0.167,0.9964,0.5631222943722943,0.45371572871572885,0.8863132297992706,0.08,0.13,0.17,0.31,0.3
927,0.041,0.652,0.307,0.9994,0.6008245149911816,0.5810097001763672,0.9975584149360657,0.29,0.07,0.23,0.3,0.12
401,0.103,0.607,0.291,0.9993,0.6474867724867724,0.5873677248677251,0.0024388134479522705,0.3,0.03,0.17,0.37,0.12
464,0.07,0.795,0.135,0.836,0.6202479338842974,0.5954545454545456,0.9835787713527679,0.15,0.15,0.15,0.31,0.23
294,0.063,0.883,0.055,-0.2263,0.5255319148936171,0.19397163120567373,0.990693062543869,0.0,0.45,0.08,0.29,0.18
456,0.087,0.737,0.177,0.9833,0.5576247165532879,0.4243764172335601,0.9865417182445526,0.16,0.16,0.03,0.39,0.26
107,0.122,0.792,0.085,-0.9794,0.5196056547619048,0.41915922619047624,0.00016748905181884766,0.03,0.05,0.31,0.34,0.27
551,0.076,0.848,0.076,-0.8345,0.5813161375661375,0.489484126984127,0.02579846978187561,0.02,0.09,0.17,0.5,0.22
420,0.114,0.846,0.04,-0.9949,0.46363644039175955,0.5978706518068221,0.017347365617752075,0.0,0.09,0.31,0.33,0.26
671,0.095,0.832,0.072,-0.9388,0.600270061728395,0.6330246913580246,0.05643591284751892,0.01,0.28,0.22,0.26,0.22
51,0.257,0.661,0.082,-0.9819,0.5865,0.4494999999999999,0.9991821944713593,0.15,0.0,0.08,0.62,0.15
512,0.039,0.733,0.228,0.9973,0.6089285714285715,0.4932539682539683,0.9992924928665161,0.19,0.15,0.23,0.21,0.21
835,0.117,0.658,0.225,0.9845,0.6096395502645503,0.4213955026455027,0.031910985708236694,0.04,0.02,0.45,0.33,0.16
570,0.096,0.702,0.202,0.9923,0.6189043209876544,0.5847222222222221,0.14153477549552917,0.16,0.12,0.09,0.43,0.21
520,0.113,0.752,0.134,0.536,0.5574058103354979,0.45153713474025975,0.9978517591953278,0.09,0.16,0.16,0.28,0.31
361,0.091,0.677,0.231,0.999,0.6096527777777778,0.6537777777777778,0.9348894655704498,0.3,0.08,0.2,0.26,0.16
515,0.054,0.763,0.183,0.9922,0.45641166960611407,0.45726043503821284,0.9825038909912109,0.07,0.05,0.23,0.62,0.03
491,0.018,0.939,0.042,0.4301,0.436038961038961,0.31980519480519476,0.9922391772270203,0.0,0.0,0.3,0.5,0.2
767,0.067,0.831,0.102,0.9749,0.5092509920634921,0.477703373015873,0.933038592338562,0.03,0.09,0.41,0.26,0.21
100,0.117,0.771,0.112,-0.9438,0.5306890331890332,0.5580303030303029,0.056958675384521484,0.06,0.06,0.39,0.25,0.24
90,0.0,1.0,0.0,0.0,0.5,0.0,0.007672131061553955,0,0,0,0,0
948,0.181,0.737,0.082,-0.9958,0.4692483660130719,0.6203267973856209,0.9897969961166382,0.06,0.01,0.48,0.27,0.19
232,0.024,0.782,0.194,0.998,0.49309941520467837,0.5236695906432749,0.8142854571342468,0.03,0.01,0.41,0.28,0.26
727,0.168,0.688,0.144,-0.9825,0.5153195488721805,0.40071532999164583,0.001444697380065918,0.06,0.18,0.26,0.21,0.3
707,0.027,0.765,0.208,0.9983,0.6442676767676767,0.5069696969696968,0.001178354024887085,0.1,0.06,0.43,0.14,0.27
637,0.025,0.867,0.108,0.9533,0.4877142857142857,0.654095238095238,0.9978615045547485,0.0,0.02,0.2,0.51,0.27
145,0.158,0.641,0.201,0.7841,0.6325757575757576,0.6314393939393941,0.9913922250270844,0.11,0.01,0.08,0.64,0.16
685,0.008,0.791,0.2,0.9947,0.5154003267973856,0.41503267973856206,0.07199576497077942,0.07,0.0,0.47,0.28,0.17
443,0.016,0.845,0.139,0.9939,0.5331896551724138,0.2859195402298851,0.9947078824043274,0.2,0.11,0.15,0.3,0.25
49,0.23,0.698,0.071,-0.9497,0.6611979166666666,0.4453125,0.9998466968536377,0.07,0.02,0.02,0.68,0.2
676,0.074,0.881,0.045,-0.9671,0.49490248226950356,0.18975722858701574,0.956150621175766,0.07,0.02,0.22,0.34,0.34
846,0.179,0.743,0.078,-0.9941,0.5081818181818182,0.45162878787878785,0.009328871965408325,0.02,0.17,0.23,0.21,0.38
484,0.131,0.742,0.127,-0.0516,0.4759656084656085,0.6163227513227513,0.9958003759384155,0.14,0.05,0.24,0.16,0.41
86,0.12,0.746,0.135,0.9396,0.5510912698412699,0.43941153697251256,0.018576323986053467,0.19,0.01,0.26,0.26,0.29
395,0.054,0.823,0.123,0.9742,0.6417742237186681,0.6708847736625515,0.031237095594406128,0.1,0.06,0.29,0.44,0.11
251,0.019,0.918,0.063,0.8879,0.5353373015873015,0.3978091060985798,0.000667572021484375,0.03,0.03,0.44,0.25,0.25
796,0.322,0.627,0.051,-0.9993,0.522751443001443,0.4857958152958153,0.003958582878112793,0.03,0.07,0.68,0.1,0.13
180,0.02,0.846,0.135,0.9968,0.5572472625413802,0.5980567580567581,0.9999873638153076,0.03,0.04,0.32,0.53,0.09
123,0.093,0.71,0.196,0.9714,0.5007902298850575,0.7204022988505747,0.999875396490097,0.3,0.04,0.19,0.33,0.15
917,0.098,0.763,0.139,0.7627,0.555787037037037,0.20648148148148152,0.9729909002780914,0.0,0.1,0.23,0.44,0.23
964,0.041,0.742,0.217,0.9982,0.5010765550239235,0.5979665071770338,0.8758834302425385,0.05,0.21,0.21,0.21,0.3
307,0.22,0.674,0.107,-0.9903,0.5030952380952382,0.5381721611721612,0.006764322519302368,0.08,0.08,0.23,0.53,0.08
913,0.185,0.619,0.196,-0.8246,0.7083333333333334,0.5,0.9997009038925171,0.67,0.11,0.11,0.11,0.0
179,0.061,0.794,0.145,0.9956,0.6224408222591362,0.5210963455149504,0.9998140335083008,0.04,0.02,0.08,0.73,0.15
803,0.031,0.54,0.428,0.999,0.7460416666666667,0.7845833333333335,0.999885767698288,0.42,0.04,0.13,0.07,0.35
711,0.015,0.944,0.04,0.3954,0.6916666666666667,0.6694444444444446,0.9999221563339233,0.07,0.07,0.4,0.3,0.17
385,0.035,0.734,0.232,0.9993,0.5957894921436588,0.3949284511784512,0.921656996011734,0.14,0.01,0.22,0.21,0.42
239,0.019,0.768,0.213,0.998,0.5325268817204301,0.3526881720430108,0.9580438137054443,0.09,0.07,0.33,0.24,0.27
216,0.142,0.765,0.093,-0.8572,0.45636574074074077,0.5902777777777778,0.01383066177368164,0.17,0.1,0.3,0.23,0.2
442,0.051,0.707,0.242,0.9991,0.6359350079744817,0.48194444444444445,0.997897207736969,0.17,0.08,0.18,0.45,0.11
169,0.025,0.797,0.178,0.9919,0.6626984126984127,0.6130511463844798,0.9820108711719513,0.16,0.02,0.25,0.27,0.3
597,0.069,0.817,0.113,0.9315,0.4694037444037444,0.47128612128612135,0.08420044183731079,0.07,0.05,0.1,0.5,0.28
793,0.068,0.793,0.139,0.9594,0.5748611111111112,0.4656944444444445,0.9955416917800903,0.15,0.05,0.33,0.42,0.05
356,0.11,0.773,0.117,0.7118,0.5423916361416361,0.5669413919413919,0.0017527639865875244,0.12,0.04,0.12,0.44,0.29
847,0.0,0.816,0.184,0.9924,0.5724867724867725,0.4048941798941799,0.9996078014373779,0.38,0.1,0.14,0.17,0.21
244,0.109,0.671,0.22,0.9963,0.5127801827801828,0.5590283790283792,0.985546201467514,0.1,0.03,0.3,0.16,0.41
749,0.119,0.674,0.208,0.986,0.38807832792207786,0.676598575036075,0.005341887474060059,0.25,0.02,0.39,0.31,0.03
175,0.054,0.814,0.132,0.9825,0.6002619047619047,0.30102380952380936,0.008231759071350098,0.12,0.0,0.38,0.29,0.21
665,0.052,0.851,0.097,0.6549,0.628015873015873,0.5649206349206349,0.9358994662761688,0.03,0.09,0.16,0.12,0.6
828,0.097,0.873,0.031,-0.9571,0.5971428571428572,0.6342857142857142,0.016314595937728882,0.5,0.0,0.0,0.0,0.5
852,0.055,0.824,0.122,0.9287,0.6036363636363636,0.43090909090909096,0.00595131516456604,0.0,0.65,0.1,0.17,0.07
563,0.107,0.778,0.115,0.8853,0.5140709529728085,0.4082857142857143,6.586313247680664e-05,0.05,0.02,0.25,0.42,0.27
327,0.026,0.898,0.076,0.9602,0.5004148629148629,0.4383477633477633,0.02778083086013794,0.01,0.02,0.03,0.23,0.71
892,0.049,0.861,0.09,0.9567,0.6391428571428571,0.564095238095238,0.9979855120182037,0.11,0.01,0.49,0.27,0.12
351,0.067,0.78,0.154,0.9805,0.5527777777777778,0.3983660130718955,0.9820836782455444,0.17,0.06,0.23,0.15,0.4
457,0.098,0.786,0.116,0.9062,0.5880434782608696,0.5632850241545894,0.9941361844539642,0.12,0.1,0.26,0.12,0.39
783,0.073,0.763,0.165,0.969,0.5693877551020408,0.5516326530612243,0.9737901389598846,0.0,0.05,0.2,0.12,0.63
347,0.094,0.758,0.147,0.9668,0.5274835407647908,0.37804834054834063,0.01251181960105896,0.05,0.09,0.33,0.28,0.26
306,0.006,0.759,0.236,0.9978,0.74,0.78,0.9936419129371643,0.29,0.0,0.36,0.17,0.17
585,0.148,0.759,0.093,-0.6524,0.647198275862069,0.43635057471264377,0.7621161639690399,0.17,0.03,0.36,0.28,0.17
115,0.045,0.955,0.0,-0.9382,0.5,0.0,0.9979109168052673,0,0,0,0,0
651,0.0,1.0,0.0,0.0,0.5,0.0,0.9994257092475891,0,0,0,0,0
391,0.067,0.869,0.064,-0.1447,0.5395337301587302,0.42837301587301585,8.296966552734375e-05,0.11,0.06,0.28,0.28,0.28
790,0.019,0.767,0.214,0.9982,0.6072519841269841,0.4281150793650794,0.001533806324005127,0.04,0.02,0.22,0.57,0.15
150,0.075,0.895,0.03,-0.8194,0.44495884773662553,0.6279835390946502,0.9991147816181183,0.0,0.22,0.44,0.11,0.22
337,0.038,0.794,0.169,0.9956,0.5575924798581049,0.4314228595478597,0.9984520971775055,0.02,0.09,0.3,0.12,0.47
807,0.145,0.596,0.259,0.9935,0.5975378787878788,0.4104377104377103,0.7558268010616302,0.13,0.13,0.47,0.16,0.11
830,0.009,0.991,0.0,-0.4871,0.5,0.0,0.24235129356384277,0.0,0.0,0.0,1.0,0.0
199,0.444,0.556,0.0,-0.9997,0.33602941176470547,0.49735294117647055,0.8664074838161469,0.0,0.0,0.0,0.0,1.0
142,0.169,0.71,0.121,-0.9873,0.5411898361495135,0.46944444444444455,0.9846960306167603,0.1,0.08,0.33,0.28,0.21
560,0.14,0.673,0.188,0.9785,0.4720052083333333,0.5174479166666667,0.016194701194763184,0.17,0.02,0.1,0.34,0.37
313,0.166,0.8,0.034,-0.9921,0.45213650793650795,0.6372507936507936,0.00027629733085632324,0.03,0.18,0.32,0.21,0.26
931,0.0,1.0,0.0,0.0,0.5,0.0,0.9859210252761841,0,0,0,0,0
573,0.005,0.767,0.228,0.999,0.6805316091954023,0.5712643678160918,0.9996083974838257,0.23,0.04,0.51,0.14,0.08
939,0.0,1.0,0.0,0.0,0.5,0.0,0.9968115985393524,0,0,0,0,0
73,0.108,0.813,0.079,-0.8928,0.5370314992025518,0.2984848484848484,0.009979963302612305,0.02,0.22,0.13,0.59,0.04
754,0.139,0.759,0.102,0.2481,0.42211700336700336,0.42769360269360257,0.0025638043880462646,0.06,0.5,0.17,0.24,0.04
58,0.105,0.783,0.112,-0.5751,0.5120701058201058,0.6111772486772488,0.0002499222755432129,0.06,0.2,0.32,0.13,0.29
5,0.262,0.648,0.09,-0.9991,0.4749368686868687,0.45037878787878793,0.00042563676834106445,0.09,0.19,0.24,0.23,0.24
483,0.044,0.785,0.171,0.9976,0.47882598304473306,0.5308851911976911,0.022153198719024658,0.05,0.12,0.21,0.3,0.3
364,0.035,0.861,0.104,0.9941,0.5393052780552781,0.32424825174825184,0.011667311191558838,0.13,0.04,0.39,0.27,0.18
903,0.093,0.599,0.308,0.9983,0.39945652173913043,0.5478260869565216,0.9991704821586609,0.37,0.27,0.08,0.14,0.14
96,0.091,0.826,0.083,-0.8275,0.5616688116688117,0.7288181038181037,0.7551501393318176,0.06,0.06,0.45,0.2,0.23
83,0.068,0.848,0.084,0.4599,0.5426092724479821,0.3522273425499232,0.9991552829742432,0.05,0.05,0.57,0.18,0.16
1,0.094,0.735,0.171,0.9802,0.5972504058441559,0.5047438672438672,0.034991562366485596,0.12,0.08,0.26,0.26,0.27
311,0.063,0.923,0.013,-0.9584,0.5,0.0,0.05698952078819275,0.08,0.0,0.0,0.0,0.92
371,0.5,0.484,0.017,-0.9998,0.4681818181818182,0.35909090909090907,0.9987861216068268,0.03,0.09,0.26,0.29,0.32
660,0.25,0.75,0.0,-0.976,0.5,0.0,0.9955521821975708,0.0,0.0,0.0,0.9,0.1
436,0.065,0.854,0.08,0.7663,0.5359768518518518,0.40178306878306874,0.0006393492221832275,0.05,0.06,0.65,0.12,0.12
590,0.195,0.642,0.163,-0.9856,0.4569805194805195,0.507900432900433,0.0022462010383605957,0.13,0.08,0.17,0.32,0.3
197,0.0,1.0,0.0,0.0,0.5,0.0,0.9995779991149902,0,0,0,0,0
477,0.061,0.878,0.061,-0.1997,0.5076785714285714,0.6024404761904762,0.999615490436554,0.09,0.18,0.23,0.27,0.23
569,0.097,0.744,0.159,0.9916,0.6200272817460317,0.51922123015873,0.9997131824493408,0.15,0.03,0.2,0.35,0.28
705,0.129,0.773,0.098,-0.2295,0.6017424242424243,0.6446969696969697,0.9958071708679199,0.19,0.11,0.22,0.33,0.15
614,0.109,0.88,0.011,-0.9558,0.5795454545454546,0.3136363636363636,0.07168367505073547,0.0,0.0,0.0,0.58,0.42
539,0.068,0.822,0.11,0.988,0.590952380952381,0.27722222222222215,0.7894155979156494,0.09,0.02,0.55,0.22,0.12
969,0.231,0.701,0.068,-0.9988,0.45788288288288287,0.6211711711711712,0.00016802549362182617,0.02,0.03,0.37,0.42,0.16
26,0.175,0.76,0.065,-0.9911,0.61,0.48833333333333356,0.011413902044296265,0.09,0.22,0.23,0.27,0.18
610,0.051,0.791,0.159,0.9965,0.5644040178571429,0.5166532738095233,0.9690315127372742,0.14,0.12,0.23,0.35,0.16
924,0.056,0.774,0.171,0.989,0.601,0.42199999999999993,0.9513840675354004,0.13,0.03,0.42,0.07,0.35
896,0.112,0.646,0.243,0.9931,0.5380102040816327,0.5627551020408164,0.0035400092601776123,0.22,0.0,0.4,0.29,0.09
565,0.039,0.924,0.037,-0.1531,0.5293269230769231,0.6211538461538461,0.9999526143074036,0.0,0.23,0.26,0.19,0.32
632,0.144,0.73,0.126,-0.507,0.5300501940588147,0.5753694581280788,0.9814375936985016,0.09,0.18,0.15,0.33,0.24
152,0.0,1.0,0.0,0.0,0.5,0.0,0.9991787970066071,0,0,0,0,0
224,0.157,0.74,0.104,-0.9927,0.5769593253968254,0.5306547619047619,0.0044987499713897705,0.1,0.12,0.18,0.38,0.22
928,0.068,0.833,0.099,0.9629,0.5675,0.5060714285714286,0.8348817527294159,0.18,0.05,0.23,0.32,0.22
184,0.104,0.759,0.137,0.9751,0.5032567987567987,0.5431309246309246,0.999517560005188,0.08,0.09,0.2,0.31,0.32
694,0.104,0.822,0.074,-0.9767,0.5233005521048999,0.4062629399585919,0.0002103745937347412,0.02,0.02,0.16,0.22,0.58
788,0.056,0.773,0.171,0.9948,0.5534544159544159,0.5477920227920228,0.9948843121528625,0.23,0.16,0.42,0.08,0.11
309,0.123,0.801,0.076,-0.9891,0.514375,0.50625,0.2200772762298584,0.04,0.05,0.32,0.17,0.42
540,0.169,0.698,0.133,-0.9855,0.4253262039278988,0.5382701103040082,0.00509604811668396,0.04,0.05,0.19,0.22,0.5
388,0.04,0.817,0.143,0.9955,0.5956803902116402,0.5807126322751324,0.9891896843910217,0.08,0.04,0.2,0.42,0.26
455,0.023,0.808,0.169,0.9959,0.6258333333333334,0.5916666666666666,0.9569149613380432,0.5,0.03,0.22,0.03,0.22
698,0.112,0.764,0.123,0.7271,0.4821231617647059,0.4865604575163398,7.396936416625977e-05,0.02,0.06,0.15,0.32,0.45
993,0.031,0.952,0.018,-0.5821,0.65,0.3875,0.9817334711551666,0.0,0.4,0.17,0.28,0.15
439,0.106,0.759,0.135,0.6312,0.424774531024531,0.5555735930735931,0.002810150384902954,0.09,0.23,0.06,0.03,0.6
424,0.027,0.76,0.213,0.9967,0.5839646464646464,0.46388888888888885,0.9874659180641174,0.12,0.0,0.21,0.33,0.33
774,0.033,0.867,0.1,0.9737,0.5055750962000962,0.3563732563732561,0.002128392457962036,0.14,0.27,0.27,0.14,0.18
460,0.07,0.598,0.332,0.9992,0.7016889276035618,0.5991773132017038,0.9999515414237976,0.43,0.03,0.18,0.26,0.1
368,0.08,0.802,0.119,0.9775,0.5300577200577201,0.49813943001443006,0.011380195617675781,0.02,0.06,0.22,0.27,0.42
46,0.026,0.829,0.146,0.9952,0.549074074074074,0.5537037037037037,0.9998968541622162,0.03,0.05,0.38,0.23,0.32
936,0.085,0.753,0.161,0.9971,0.5415770609318996,0.5356630824372762,0.9651312232017517,0.07,0.22,0.42,0.21,0.09
348,0.064,0.724,0.212,0.9944,0.4775118203309693,0.42742316784869966,0.8375814259052277,0.2,0.07,0.27,0.22,0.25
925,0.049,0.803,0.149,0.9819,0.5635582173082173,0.4245581295581296,0.9974547922611237,0.14,0.02,0.27,0.31,0.25
759,0.0,1.0,0.0,0.0,0.5,0.0,0.9907390475273132,0,0,0,0,0
686,0.175,0.725,0.1,-0.9765,0.5287037037037037,0.32191358024691363,0.8063323795795441,0.0,0.1,0.23,0.17,0.5
858,0.041,0.848,0.111,0.8039,0.4619047619047619,0.4976190476190476,0.9999118149280548,0.08,0.25,0.04,0.25,0.38
75,0.078,0.896,0.026,-0.837,0.4285300925925926,0.34224537037037034,0.7610684931278229,0.0,0.23,0.12,0.35,0.31
493,0.0,1.0,0.0,0.0,0.5,0.0,0.9948331713676453,0,0,0,0,0
697,0.088,0.873,0.039,-0.9788,0.5672670454545454,0.3494053030303031,0.04464244842529297,0.0,0.07,0.15,0.42,0.35
514,0.096,0.823,0.081,-0.3049,0.6351307189542483,0.6316993464052288,0.9993875324726105,0.1,0.1,0.14,0.52,0.14
434,0.191,0.719,0.09,-0.954,0.49030897207367796,0.47856209150326795,0.01527327299118042,0.07,0.15,0.15,0.44,0.19
196,0.0,0.927,0.073,0.9542,0.35944444444444446,0.6077777777777778,0.056662291288375854,0.0,0.0,1.0,0.0,0.0
647,0.074,0.672,0.254,0.9966,0.5425154320987654,0.5487654320987654,0.09952917695045471,0.14,0.02,0.27,0.27,0.3
305,0.109,0.683,0.208,0.9965,0.6969367588932807,0.5462450592885374,0.9997643828392029,0.29,0.0,0.16,0.27,0.27
472,0.031,0.842,0.127,0.9818,0.5624401913875599,0.3657894736842105,0.9878242313861847,0.11,0.02,0.48,0.35,0.05
109,0.067,0.671,0.262,0.9986,0.6429140848258494,0.5099319525790116,0.11300498247146606,0.28,0.06,0.23,0.2,0.23
601,0.019,0.927,0.053,0.8885,0.5727397602397603,0.5227522477522477,0.9952305257320404,0.17,0.01,0.53,0.14,0.15
602,0.099,0.694,0.208,0.9891,0.6763888888888889,0.6805555555555555,0.8344569802284241,0.34,0.06,0.11,0.26,0.23
421,0.081,0.795,0.125,0.9385,0.5962145808736717,0.6796340023612749,0.008317023515701294,0.09,0.06,0.46,0.11,0.29
773,0.163,0.752,0.085,-0.9613,0.40183654729109275,0.6840909090909092,0.8219199478626251,0.03,0.1,0.17,0.52,0.18
87,0.047,0.936,0.017,-0.7184,0.5244423558897243,0.31941102756892226,0.9994196593761444,0.04,0.06,0.08,0.56,0.26
57,0.161,0.727,0.112,-0.9939,0.5241535437187611,0.2234900767509464,0.06438085436820984,0.05,0.08,0.26,0.38,0.22
157,0.144,0.697,0.159,0.9185,0.7667701863354036,0.6099378881987577,0.9937300086021423,0.25,0.01,0.52,0.1,0.11
703,0.165,0.627,0.209,0.7906,0.552422480620155,0.6079457364341089,0.0013932883739471436,0.04,0.01,0.22,0.49,0.23
784,0.078,0.792,0.13,0.9633,0.556610275689223,0.5031850459482039,0.004770040512084961,0.0,0.15,0.32,0.11,0.43
550,0.139,0.707,0.155,0.9022,0.43742651381540265,0.4778365667254557,0.9947847723960876,0.09,0.08,0.24,0.35,0.23
79,0.0,1.0,0.0,0.0,0.5,0.0,0.9999511241912842,0,0,0,0,0
174,0.088,0.763,0.149,0.9944,0.5225694444444444,0.5103174603174603,0.047370731830596924,0.13,0.11,0.27,0.33,0.16
98,0.042,0.705,0.253,0.9984,0.6749999999999999,0.6045454545454546,0.9910020530223846,0.35,0.02,0.26,0.26,0.11
381,0.03,0.893,0.077,0.9217,0.4532407407407407,0.4296296296296296,0.02564176917076111,0.0,0.5,0.07,0.29,0.14
304,0.154,0.768,0.078,-0.9687,0.5628205128205128,0.6160256410256412,0.8802756667137146,0.11,0.05,0.44,0.3,0.1
297,0.015,0.821,0.164,0.9929,0.5378205128205128,0.36666666666666664,0.9824030995368958,0.09,0.02,0.56,0.04,0.29
205,0.13,0.728,0.142,0.7715,0.5306891025641026,0.5064102564102563,0.006736665964126587,0.15,0.18,0.22,0.29,0.16
50,0.0,1.0,0.0,0.0,0.35,0.6,0.02473241090774536,0.0,0.0,0.0,1.0,0.0
629,0.078,0.834,0.088,0.8646,0.4931353856646825,0.43705357142857143,0.9880274534225464,0.03,0.1,0.42,0.25,0.2
6,0.222,0.751,0.027,-0.9987,0.47456194599051743,0.39006905792620084,0.005729585886001587,0.05,0.0,0.29,0.38,0.29
21,0.0,1.0,0.0,0.0,0.5,0.0,0.9997958242893219,0,0,0,0,0
549,0.151,0.745,0.105,-0.9851,0.48585832817975677,0.4521413110698824,0.0032949745655059814,0.04,0.06,0.31,0.4,0.19
35,0.051,0.638,0.31,0.9968,0.5720052083333333,0.6679687499999999,0.9997237026691437,0.16,0.02,0.04,0.62,0.16
236,0.072,0.904,0.025,-0.8573,0.5166666666666667,0.13749999999999998,0.9941495060920715,0.0,0.07,0.43,0.29,0.21
626,0.069,0.749,0.182,0.9949,0.5904912573181804,0.43086471932625786,0.9998782575130463,0.19,0.15,0.34,0.11,0.21
864,0.088,0.819,0.092,-0.3261,0.5349904467960024,0.3572383891828337,0.9242013096809387,0.04,0.06,0.28,0.3,0.32
967,0.054,0.854,0.092,0.9637,0.5396412037037037,0.38009259259259265,0.8902848958969116,0.05,0.06,0.52,0.23,0.14
952,0.146,0.726,0.128,-0.9585,0.518346590909091,0.39972727272727276,0.00019863247871398926,0.04,0.04,0.5,0.24,0.19
761,0.0,1.0,0.0,0.0,0.5,0.0,0.9991467297077179,0,0,0,0,0
734,0.361,0.573,0.066,-0.9989,0.5337962962962963,0.6125661375661375,0.0003211796283721924,0.12,0.03,0.2,0.27,0.38
656,0.016,0.883,0.101,0.9899,0.3317829457364342,0.7905038759689923,0.0003700554370880127,0.01,0.06,0.43,0.31,0.19
950,0.055,0.799,0.146,0.992,0.5678297397047397,0.3682595182595183,0.8983471691608429,0.05,0.11,0.36,0.31,0.16
403,0.081,0.757,0.161,0.9748,0.5377893518518518,0.24334490740740736,0.9964946508407593,0.21,0.08,0.17,0.12,0.42
946,0.132,0.708,0.16,0.8587,0.36954022988505747,0.6152298850574712,0.00016754865646362305,0.03,0.05,0.21,0.24,0.47
92,0.0,1.0,0.0,0.0,0.5,0.0,0.007672131061553955,0,0,0,0,0
74,0.167,0.822,0.011,-0.9791,0.47,0.3533333333333334,0.0016687214374542236,0.0,0.14,0.21,0.19,0.47
770,0.092,0.695,0.213,0.9854,0.64,0.4333333333333333,0.0014601945877075195,0.2,0.13,0.27,0.2,0.2
615,0.025,0.815,0.16,0.9935,0.5670588092463092,0.49157439782439777,0.8158854842185974,0.1,0.0,0.56,0.2,0.15
398,0.039,0.865,0.096,0.9655,0.43444444444444447,0.6061111111111112,0.0031014084815979004,0.07,0.11,0.25,0.21,0.36
603,0.163,0.669,0.169,-0.9034,0.377,0.7242222222222222,0.002560138702392578,0.04,0.08,0.09,0.61,0.17
89,0.024,0.884,0.092,0.9656,0.5234888888888889,0.43235555555555555,0.9973739683628082,0.07,0.05,0.19,0.14,0.56
285,0.094,0.735,0.171,0.9967,0.561950725365904,0.43436230931766634,0.9931817948818207,0.16,0.08,0.21,0.23,0.32
299,0.05,0.669,0.281,0.9975,0.7660714285714285,0.5821428571428571,0.9995950162410736,0.28,0.0,0.19,0.21,0.32
866,0.051,0.797,0.152,0.9897,0.4752723311546841,0.3334422657952072,0.9441531300544739,0.0,0.03,0.23,0.57,0.17
494,0.109,0.79,0.1,-0.9289,0.4725774225774225,0.4511800699300694,0.998899906873703,0.12,0.06,0.32,0.27,0.24
222,0.097,0.823,0.08,-0.7015,0.5615384615384615,0.37307692307692303,0.18527525663375854,0.03,0.21,0.31,0.28,0.18
117,0.091,0.883,0.026,-0.9413,0.43548850574712644,0.603448275862069,5.900859832763672e-06,0.0,0.12,0.31,0.31,0.27
672,0.129,0.664,0.207,0.9971,0.5374579124579124,0.4511083052749719,0.9575668573379517,0.35,0.08,0.28,0.18,0.11
39,0.169,0.669,0.162,-0.6227,0.6483231707317073,0.4375,0.013753324747085571,0.1,0.05,0.33,0.48,0.04
555,0.081,0.879,0.04,-0.8115,0.41464285714285715,0.5885714285714286,0.22133439779281616,0.04,0.04,0.04,0.62,0.25
612,0.034,0.815,0.151,0.9898,0.4742821067821068,0.391468253968254,0.20937544107437134,0.03,0.03,0.6,0.21,0.13
661,0.102,0.646,0.252,0.9954,0.6694444444444445,0.5407407407407405,0.9984287023544312,0.39,0.0,0.09,0.24,0.28
816,0.074,0.749,0.177,0.9946,0.61998556998557,0.6726551226551227,0.1052514910697937,0.11,0.06,0.2,0.53,0.1
325,0.049,0.822,0.128,0.9863,0.5554268292682927,0.4572357723577234,5.322694778442383e-05,0.03,0.03,0.18,0.41,0.35
462,0.032,0.669,0.299,0.9975,0.6128367003367003,0.6119528619528622,0.9994917213916779,0.56,0.06,0.08,0.22,0.08
760,0.037,0.72,0.243,0.9984,0.553906885938136,0.5114084121896623,0.9998518526554108,0.33,0.13,0.23,0.24,0.07
33,0.022,0.704,0.275,0.9974,0.630603448275862,0.5358784893267651,0.9999112784862518,0.25,0.22,0.09,0.09,0.34
466,0.744,0.223,0.033,-0.9999,0.49653762268266083,0.31845692475463305,0.9442351460456848,0.01,0.02,0.05,0.91,0.01
160,0.088,0.686,0.226,0.9977,0.6407993197278912,0.5240476190476191,0.9997666478157043,0.22,0.04,0.18,0.19,0.36
203,0.006,0.714,0.279,0.9969,0.5575,0.38944444444444437,0.999052107334137,0.08,0.08,0.13,0.26,0.45
673,0.195,0.661,0.143,-0.9902,0.4351384049554781,0.5912504839334108,0.9769070446491241,0.06,0.03,0.16,0.47,0.28
135,0.0,0.733,0.267,0.9969,0.7323529411764707,0.5294117647058821,0.9980780184268951,0.38,0.0,0.3,0.3,0.03
308,0.0,1.0,0.0,0.0,0.5,0.0,0.9983197450637817,0,0,0,0,0
93,0.021,0.574,0.406,0.9993,0.6569293478260869,0.5949275362318842,0.997415155172348,0.74,0.1,0.13,0.0,0.03
349,0.166,0.758,0.076,-0.9956,0.4811938061938062,0.5935356310356313,0.002837449312210083,0.08,0.09,0.35,0.21,0.27
238,0.047,0.827,0.125,0.9809,0.5382367149758455,0.2768599033816425,0.7961775660514832,0.08,0.16,0.22,0.18,0.35
153,0.182,0.793,0.025,-0.9849,0.5220701058201058,0.5120105820105819,0.009816527366638184,0.09,0.06,0.18,0.42,0.24
350,0.072,0.846,0.081,-0.7244,0.5256535947712418,0.47320261437908495,0.015945732593536377,0.12,0.14,0.24,0.27,0.22
120,0.102,0.627,0.272,0.9994,0.5357198723344556,0.5417704826038158,0.9995166659355164,0.08,0.21,0.14,0.14,0.43
815,0.042,0.817,0.142,0.9929,0.5647018970189702,0.450271002710027,0.1796017587184906,0.07,0.07,0.23,0.22,0.41
124,0.086,0.654,0.259,0.9989,0.6133244206773618,0.6235294117647059,0.9888108372688293,0.23,0.2,0.22,0.27,0.08
634,0.11,0.695,0.195,0.9867,0.48333333333333334,0.5891666666666666,0.19247499108314514,0.05,0.07,0.62,0.24,0.02
778,0.145,0.748,0.108,-0.9061,0.5340336134453781,0.3392857142857142,0.9982170462608337,0.06,0.1,0.15,0.4,0.29
227,0.016,0.871,0.113,0.9919,0.5400094696969697,0.4895833333333333,0.00866025686264038,0.02,0.1,0.43,0.16,0.29
367,0.154,0.806,0.041,-0.9969,0.5644949494949495,0.44629966329966286,0.9954139590263367,0.06,0.06,0.17,0.4,0.31
808,0.046,0.813,0.142,0.9263,0.5297619047619048,0.6785714285714285,0.0026718974113464355,0.09,0.06,0.15,0.15,0.55
670,0.071,0.761,0.167,0.9908,0.5537463924963925,0.4791955266955267,0.9940332174301147,0.21,0.13,0.38,0.21,0.08
252,0.077,0.784,0.139,0.9335,0.520603354978355,0.4336309523809524,0.9968773126602173,0.07,0.02,0.23,0.44,0.23
478,0.005,0.765,0.23,0.9964,0.560283189033189,0.5654064454064454,0.9962863326072693,0.28,0.06,0.38,0.11,0.17
677,0.177,0.795,0.028,-0.9991,0.3465277777777778,0.5553240740740741,0.021637558937072754,0.02,0.03,0.15,0.52,0.29
645,0.075,0.86,0.065,-0.8766,0.4682912457912458,0.45218855218855225,0.028763622045516968,0.07,0.16,0.24,0.29,0.24
55,0.166,0.705,0.13,-0.9956,0.4760698934635105,0.5073206226397715,0.01247096061706543,0.11,0.06,0.26,0.33,0.24
319,0.109,0.82,0.071,-0.7016,0.5833333333333334,0.4575757575757576,0.99565190076828,0.08,0.04,0.04,0.75,0.08
88,0.064,0.889,0.046,-0.786,0.439074569221628,0.4743464052287583,0.9992634057998657,0.04,0.0,0.24,0.35,0.37
933,0.009,0.885,0.106,0.9879,0.4992063492063492,0.45396825396825397,0.9997561573982239,0.08,0.05,0.25,0.33,0.3
681,0.256,0.692,0.052,-0.9986,0.5890625,0.6010416666666666,0.942945122718811,0.04,0.09,0.18,0.36,0.32
80,0.187,0.706,0.106,-0.9619,0.6020982142857143,0.5685714285714286,0.9983274340629578,0.16,0.06,0.22,0.43,0.14
562,0.011,0.73,0.259,0.9981,0.6701927814732692,0.4890675043114069,0.9998148679733276,0.38,0.02,0.33,0.06,0.22
139,0.051,0.699,0.25,0.999,0.4154411764705882,0.5490196078431372,0.9310585856437683,0.04,0.12,0.35,0.28,0.21
338,0.023,0.909,0.068,0.9402,0.4712568681318681,0.4708791208791209,0.0009083449840545654,0.0,0.11,0.37,0.26,0.26
68,0.0,1.0,0.0,0.0,0.5,0.0,0.9987242519855499,0,0,0,0,0
730,0.116,0.782,0.102,-0.7966,0.4263708513708514,0.4870851370851371,0.12746182084083557,0.09,0.0,0.17,0.44,0.3
911,0.141,0.793,0.066,-0.991,0.49327138910472246,0.41479107312440644,0.00480225682258606,0.02,0.04,0.35,0.24,0.35
883,0.0,1.0,0.0,0.0,0.5,0.0,0.9963225722312927,0,0,0,0,0
881,0.061,0.89,0.05,-0.5689,0.5010213744588745,0.49578373015873023,0.9987930059432983,0.11,0.11,0.18,0.38,0.23
151,0.01,0.765,0.225,0.9921,0.6588666666666667,0.5326,0.9997335374355316,0.26,0.13,0.13,0.13,0.35
119,0.0,1.0,0.0,0.0,0.5,0.0,0.9991090595722198,0,0,0,0,0
95,0.258,0.593,0.149,-0.9895,0.469375,0.5983333333333334,0.7661870419979095,0.26,0.15,0.11,0.33,0.15
996,0.279,0.598,0.123,-0.9837,0.35,0.4500000000000001,0.8621410727500916,0.0,0.2,0.2,0.2,0.4
682,0.177,0.668,0.155,-0.5897,0.6336888227513228,0.6178406084656085,0.9796000719070435,0.05,0.09,0.25,0.25,0.35
876,0.016,0.845,0.139,0.9943,0.5609591354272205,0.47818304626815256,0.035972267389297485,0.01,0.18,0.36,0.36,0.08
133,0.074,0.63,0.296,0.9967,0.5620833333333333,0.6106972789115647,0.9987971484661102,0.12,0.0,0.04,0.62,0.21
